"type","count","severity"
"ACCOUNT_OPERATORS_MEMBER","20","high"
"ACL_COMPUTER_WRITE_VALIDATED_DNS","1","medium"
"ACL_DS_REPLICATION_GET_CHANGES","1","critical"
"ACL_FORCECHANGEPASSWORD","3","medium"
"ACL_GENERICALL","790","high"
"ACL_SELF_MEMBERSHIP","790","high"
"ACL_USER_FORCE_CHANGE_PASSWORD","3","medium"
"ACL_WRITE_PROPERTY_EXTENDED","90","medium"
"ACL_WRITEDACL","790","high"
"ACL_WRITEOWNER","790","high"
"ADMIN_ASREP_ROASTABLE","16","critical"
"ADMIN_COUNT_ORPHANED","15","medium"
"ADMIN_NO_SMARTCARD","55","medium"
"ADMINSDHOLDER_BACKDOOR","1","medium"
"ASREP_ROASTING_RISK","25","critical"
"BACKUP_OPERATORS_MEMBER","20","high"
"BUILTIN_MODIFIED","4","high"
"COMPUTER_ACL_ABUSE","95","high"
"COMPUTER_ADMIN_COUNT","5","low"
"COMPUTER_DESCRIPTION_SENSITIVE","21","medium"
"COMPUTER_DISABLED_NOT_DELETED","0","medium"
"COMPUTER_IN_ADMIN_GROUP","5","critical"
"COMPUTER_LEGACY_PROTOCOL","12","medium"
"COMPUTER_NEVER_LOGGED_ON","69","medium"
"COMPUTER_NO_BITLOCKER","13","high"
"COMPUTER_NO_LAPS","1","medium"
"COMPUTER_OS_OBSOLETE_2003","3","critical"
"COMPUTER_OS_OBSOLETE_2008","1","high"
"COMPUTER_OS_OBSOLETE_VISTA","2","high"
"COMPUTER_OS_OBSOLETE_XP","4","critical"
"COMPUTER_PASSWORD_OLD","0","high"
"COMPUTER_PRE_CREATED","24","medium"
"COMPUTER_RBCD","3","critical"
"COMPUTER_UNCONSTRAINED_DELEGATION","7","critical"
"COMPUTER_WEAK_ENCRYPTION","10","medium"
"COMPUTER_WITH_SPNS","18","high"
"COMPUTER_WRONG_OU","1","medium"
"CONSTRAINED_DELEGATION","1","high"
"DANGEROUS_BUILTIN_MEMBERSHIP","4","medium"
"DANGEROUS_GROUP_NESTING","3","medium"
"DISABLED_ACCOUNT_IN_ADMIN_GROUP","2","high"
"DNS_ADMINS_MEMBER","4","high"
"DOMAIN_ADMIN_IN_DESCRIPTION","29","high"
"ESC1_VULNERABLE_TEMPLATE","1","high"
"ESC1_VULNERABLE_TEMPLATE","4","critical"
"ESC10_WEAK_CERTIFICATE_MAPPING","0","high"
"ESC11_ICERT_REQUEST_ENFORCEMENT","1","medium"
"ESC2_ANY_PURPOSE","3","high"
"ESC2_ANY_PURPOSE","3","high"
"ESC3_ENROLLMENT_AGENT","4","high"
"ESC3_ENROLLMENT_AGENT","4","high"
"ESC4_VULNERABLE_TEMPLATE_ACL","0","critical"
"ESC5_PKI_OBJECT_ACL","0","medium"
"ESC6_EDITF_FLAG","0","high"
"ESC7_CA_VULNERABLE_ACL","0","high"
"ESC8_HTTP_ENROLLMENT","0","medium"
"ESC9_NO_SECURITY_EXTENSION","16","high"
"EVERYONE_IN_ACL","790","medium"
"EXCESSIVE_PRIVILEGED_ACCOUNTS","45","medium"
"EXPIRED_ACCOUNT_IN_ADMIN_GROUP","3","high"
"GPO_LINK_POISONING","1","medium"
"GPO_MODIFY_RIGHTS","12","high"
"GPO_MODIFY_RIGHTS","0","high"
"GPO_ORPHANED","7","medium"
"GPO_UNLINKED","1","low"
"GPO_WEAK_PASSWORD_POLICY","1","medium"
"GPO_WEAK_PERMISSIONS","6","medium"
"GROUP_EXCESSIVE_MEMBERS","6","medium"
"GROUP_EXCESSIVE_MEMBERS","3","medium"
"GROUP_PROTECTED_USERS_EMPTY","1","medium"
"KERBEROASTING_RISK","34","high"
"KERBEROS_AES_DISABLED","530","high"
"KERBEROS_RC4_FALLBACK","5","medium"
"LAPS_PASSWORD_SET","95","low"
"LOCKED_ACCOUNT_ADMIN","42","high"
"MACHINE_ACCOUNT_QUOTA_ABUSE","1","medium"
"NEVER_LOGGED_ON","533","medium"
"NO_PROTECTED_USERS_MONITORING","55","medium"
"NOT_IN_PROTECTED_USERS","27","high"
"NTLM_RELAY_OPPORTUNITY","1","medium"
"OVERSIZED_GROUP_HIGH","1","medium"
"OVERSIZED_GROUP_HIGH","3","high"
"PASSWORD_CLEARTEXT_STORAGE","541","critical"
"PASSWORD_DICT_ATTACK_RISK","535","medium"
"PASSWORD_DICT_ATTACK_RISK","2","high"
"PASSWORD_IN_DESCRIPTION","3","high"
"PASSWORD_NEVER_EXPIRES","39","critical"
"PASSWORD_NOT_REQUIRED","23","critical"
"PATH_ASREP_TO_ADMIN","20","high"
"PATH_CERTIFICATE_ESC","1","critical"
"PATH_COMPUTER_TAKEOVER","1","high"
"PATH_DELEGATION_CHAIN","1","high"
"PATH_KERBEROASTING_TO_DA","23","critical"
"PATH_SERVICE_TO_DA","19","critical"
"PRINT_OPERATORS_MEMBER","19","high"
"PRIVILEGED_ACCOUNT_SPN","22","high"
"RECYCLE_BIN_DISABLED","1","medium"
"REPLICA_DIRECTORY_CHANGES","1","critical"
"REPLICATION_RIGHTS","40","high"
"REVERSIBLE_ENCRYPTION","21","critical"
"SENSITIVE_DELEGATION","12","critical"
"SERVER_NO_ADMIN_GROUP","2","medium"
"SERVER_OPERATORS_MEMBER","11","high"
"SERVICE_ACCOUNT_INTERACTIVE","27","high"
"SERVICE_ACCOUNT_NAMING","3","low"
"SERVICE_ACCOUNT_NO_PREAUTH","22","high"
"SERVICE_ACCOUNT_OLD_PASSWORD","36","high"
"SERVICE_ACCOUNT_PRIVILEGED","19","critical"
"SERVICE_ACCOUNT_WEAK_ENCRYPTION","2","medium"
"SERVICE_ACCOUNT_WITH_SPN","33","medium"
"SHARED_ACCOUNT","15","medium"
"SMARTCARD_NOT_REQUIRED","55","medium"
"TEST_ACCOUNT","4","medium"
"UNCONSTRAINED_DELEGATION","20","critical"
"UNIX_USER_PASSWORD","541","critical"
"WEAK_ENCRYPTION_DES","21","high"
"WEAK_ENCRYPTION_FLAG","19","medium"
"WEAK_ENCRYPTION_RC4","2","medium"
"WEAK_PASSWORD_POLICY","1","medium"
"WRITESPN_ABUSE","92","medium"
