"ADType","ExpectedDetector","ADCount","Reason"
"Computer_Disabled_Not_Deleted","COMPUTER_DISABLED_NOT_DELETED","9","D??tecteur existe mais count=0"
"SERVICE_ACCOUNT_NAMING","SERVICE_ACCOUNT_NAMING","12","D??tecteur existe mais count=0"
"SERVICE_ACCOUNT_WITH_SPN","SERVICE_ACCOUNT_WITH_SPN","12","D??tecteur existe mais count=0"
"NotInProtectedUsers","NOT_IN_PROTECTED_USERS","26","D??tecteur existe mais count=0"
"Expired_Account_In_Admin_Group","EXPIRED_ACCOUNT_IN_ADMIN_GROUP","2","D??tecteur existe mais count=0"
"SERVICE_ACCOUNT_OLD_PASSWORD","SERVICE_ACCOUNT_OLD_PASSWORD","12","D??tecteur existe mais count=0"
"Not_In_Protected_Users","NOT_IN_PROTECTED_USERS","26","D??tecteur existe mais count=0"
"Domain_Admin_In_Description","DOMAIN_ADMIN_IN_DESCRIPTION","33","D??tecteur existe mais count=0"
"DisabledAccountInPrivGroup","DISABLED_ACCOUNT_IN_ADMIN_GROUP","1","D??tecteur existe mais count=0"
"SERVICE_ACCOUNT_WEAK_ENCRYPTION","SERVICE_ACCOUNT_WEAK_ENCRYPTION","12","D??tecteur existe mais count=0"
"SERVICE_ACCOUNT_PRIVILEGED","SERVICE_ACCOUNT_PRIVILEGED","12","D??tecteur existe mais count=0"
"SERVICE_ACCOUNT_NO_PREAUTH","SERVICE_ACCOUNT_NO_PREAUTH","12","D??tecteur existe mais count=0"
"SERVICE_ACCOUNT_INTERACTIVE","SERVICE_ACCOUNT_INTERACTIVE","12","D??tecteur existe mais count=0"
"Sensitive_Delegation","SENSITIVE_DELEGATION","19","D??tecteur existe mais count=0"
"Disabled_Account_In_Admin_Group","DISABLED_ACCOUNT_IN_ADMIN_GROUP","1","D??tecteur existe mais count=0"
"GPO_Password_in_SYSVOL","???","1","Pas de mapping connu"
"GPO_LAPS_NOT_DEPLOYED","???","1","Pas de mapping connu"
